narrative,product,predicted_risk,root_cause,consumer_harm,severity,explanation
back sent certified letter equifax regarding incorrect account reporting credit report also included address multiple incorrect version name phone number employment information asked personal informat,credit_reporting,low,Credit Dispute,emotional,low,"The consumer reports incorrect personal and account information on their credit report but confirms the bureau updated the report after their dispute, indicating resolution; no evidence of financial loss, fraud, or ongoing harm is present."
sent letter regarding inaccurate unknown thing credit report day day later received response feel like im taken advantage dispute ignored section plainly state failure investigate item within day give,credit_reporting,low,Credit Dispute,emotional,low,"The complaint reflects frustration and stress around a disputed credit report item that was ultimately deleted, with no indication of sustained financial loss, identity theft, or systemic harm; the resolution occurred promptly after escalation."
disappointed see late payment credit payment history tried reach reply thing remember late paying obligation else receive bill pay time appreciate help thank,credit_reporting,medium,Credit Reporting,reputational,medium,"The consumer reports a late payment inaccurately appearing on their credit report, which can damage their credit score and affect future lending opportunities; while not involving immediate financial loss or identity theft, reputational harm to creditworthiness is significant and persistent."
booked hotel reservation used bank card hold room upon entering room filthy bed sheet torn front door would close lock properly inside adjacent door lock broken laying next tv immediately notified fro,retail_banking,medium,Fraudulent Charge,financial,medium,"The consumer incurred an unauthorized or disputed hotel charge due to unsanitary and unsafe conditions, and the bank declined to investigate, citing the hotel's refund policy as grounds for non-intervention—leaving the consumer financially liable despite legitimate service failure. This represents medium risk because the harm is financial and unresolved, but not catastrophic (e.g., no identity theft or account takeover)."
originally complained company reference complaint attached compliant closed removed three credit burrow company called placed collection filed providing validation owe money reporting unpaid debt neve,debt_collection,low,Identity Theft,reputational,low,"The complaint alleges identity theft and unauthorized debt reporting, but lacks evidence of actual financial loss, ongoing harassment, or verified credit damage; the consumer reports no prior contact with the company and no confirmed adverse action taken against them."
tried almost year modify mortgage bank look right former complaint put cfpb several company helped well got call bank telling finally modified said wow great much said higher use pay modify kept askin,mortgages_and_loans,medium,Mortgage Modification,financial,medium,"The consumer experienced prolonged delays and inconsistent communication during mortgage modification attempts, resulting in unexpected payment increases and inability to secure relief despite prior CFPB involvement; while not yet leading to foreclosure or severe credit damage, the financial strain and uncertainty over an extended period (nearly a year) with compounding issues like travel disruption and pandemic-related income instability elevate it to medium risk."
paypal closed account reason help getting back going sure mistake assume able get help month remembered could file report feel job properly affecting great deal used paypal quite frequently honestly g,retail_banking,medium,Account Closure,financial,medium,"The consumer lost access to a primary source of income and payment functionality, causing immediate financial strain including inability to pay rent; while not involving fraud or identity theft, the abrupt closure without clear resolution path significantly disrupts essential financial operations."
request nquiries removed credit file account asap reported attend basic combat training united state south carolina completing basic training course transferred arizona graduated human intelligence co,credit_reporting,low,Fraudulent Inquiries,reputational,low,"The complaint centers on unauthorized hard inquiries impacting the consumer's credit file, but there is no indication of actual financial loss, account takeover, or adverse credit decisions—only reputational concern from inaccurate reporting. The consumer has already filed a police report and appears proactive in resolving the issue."
print iconprint report potentially negative show tooltip button xxxxdispute xxxxdispute xxxxdispute dept dept dept dept xxxxdispute,credit_reporting,high,Credit Dispute,financial,high,"The complaint indicates repeated, unresolved credit reporting disputes, which can lead to inaccurate credit scores, denial of credit, higher interest rates, and long-term financial harm. The 'high' predicted risk level reflects potential systemic failure in dispute resolution processes, increasing likelihood of sustained consumer damage."
made phone told payoff amount looked line asking dollar paid want get rid company care interest principal told would receive letter email loan paid full within hour three credit bureau receive confirm,mortgages_and_loans,medium,Loan Payoff Dispute,financial,medium,"The consumer paid the full loan balance but did not receive timely written confirmation or credit bureau updates, creating risk of duplicate collection efforts or credit damage; while no immediate financial loss is reported, the lack of documentation and delayed resolution poses material risk to credit standing and future borrowing."
wrong inaccurate fraudulent account reporting account,credit_reporting,high,Fraudulent Reporting,reputational,high,"Inaccurate or fraudulent account reporting directly damages the consumer's creditworthiness and can lead to denials of credit, loans, or housing; correcting such errors is often time-consuming and requires extensive documentation, compounding reputational and financial harm."
pulled transunion credit report noticed regular hard inquiry made inquiry fraudulent made someone trying open account name account approved luckily inquiry appears credit report fl requested inquiry t,credit_reporting,low,Fraudulent Inquiry,emotional,low,"The consumer detected the fraudulent hard inquiry early, successfully disputed it, and the creditor acknowledged the fraud and agreed to notify the credit bureau; although the inquiry remains on the report temporarily, there is no indication of financial loss, account takeover, or lasting credit damage."
currently unsubsidized consolidated loan navient took standard year repayment term paying automatic bank draft every month never late made extra payment loan order pay loan early saving approximately ,mortgages_and_loans,medium,Loan Servicing Error,financial,medium,"The consumer reports consistent on-time payments and extra principal payments intended to shorten the loan term and reduce interest, yet Navient allegedly failed to apply payments correctly or act in the borrower's best interest—potentially costing significant interest savings. While no immediate default or credit damage is indicated, the servicing error undermines repayment efficiency and trust, warranting medium risk due to quantifiable financial impact and systemic service failure."
debt credit report advanced collection bu mine disputed several time keep saying mine provide verifying proof unless show actual doctor record showing incurred debt demand removed credit report,debt_collection,low,Credit Dispute,time-based,low,"The consumer is disputing inaccurate information on their credit report and has repeatedly requested verification, indicating an administrative resolution path exists without evidence of financial loss, emotional distress, or systemic harm. The collector’s request for documentation is procedurally standard, and no adverse action (e.g., denial of credit or employment) is reported."
netspend closed account including limited eight bank card leaving access absolutely fund numerous unauthorized transaction occurred including limited hotel charge bank decided close account notice giv,retail_banking,low,Account Closure,financial,low,"The complaint describes an unexpected account closure and disputed transactions, but there is no indication of irreversible financial loss, identity theft, or systemic fraud; Netspend’s risk management action appears procedural, and the consumer retains recourse through dispute resolution channels."
information report verified accurate contacted court stated report credit bureau claim usbk court eastern michi public record verified account reporting accurate,credit_reporting,low,Credit Dispute,time-based,low,"The complaint reflects a routine credit reporting verification where the court and credit bureau confirmed the public record was accurate; no evidence of financial loss, emotional distress, or systemic error is present."
victim loan fraud lost chime account filed complaint fraud dept account told cant give money back also filed complaint occ fbi bank claim dont qualify provisional credit investigate could take day wan,retail_banking,medium,Account Fraud,financial,medium,"The consumer suffered unauthorized access and loss of funds from their Chime account, but was denied provisional credit despite reporting fraud promptly; the delay in investigation and lack of immediate remediation places them in serious financial distress, though no evidence suggests identity theft escalation or long-term credit damage."
morning received phone call time et et synchrony bank sleeping answer also going get taken care however know called many time one minute harassment thank time,credit_card,medium,Debt Collection Harassment,emotional,medium,"The consumer reports repeated early-morning calls from Synchrony Bank, causing distress and perceived harassment, which constitutes emotional harm; while no direct financial loss or legal action is indicated, the frequency and timing of calls suggest potential FDCPA violations warranting medium-risk classification."
hello reached multiple time paperwork sale vehicle never received anything show much sold anything unfair practice removed credit report year showing non payment mean outside statue limitation,credit_reporting,low,Credit Dispute,reputational,low,"The complaint reflects a misunderstanding about outdated or inaccurate credit reporting, but there's no indication of ongoing financial loss, identity theft, or imminent adverse action; the mention of 'statute limitation' suggests the issue may be resolvable through standard dispute procedures without significant consumer detriment."
applied streamline refinance well fargo well fargo owned mortgage year never late payment credit score today still closing date refinance feel well fargo dragging foot closing loan wonder many people ,mortgages_and_loans,medium,Loan Processing Delay,time-based,medium,"The consumer experienced significant, unexplained delays in closing a streamline refinance despite perfect payment history and creditworthiness, causing prolonged uncertainty and requiring repeated follow-up efforts. While no direct financial loss or credit damage is reported, the delay impedes financial planning and imposes substantial time burden and stress."
filing complaint loan depot llc following letter emailed horrific experience made credit check loan application requested asked sent personal information mail twice without reason consent called compa,mortgages_and_loans,medium,Privacy Violation,reputational,medium,"The consumer's personal information was shared without consent and used inappropriately during the loan application process, risking reputational harm and potential misuse. Although no direct financial loss is reported, the lack of control over sensitive data and repeated unauthorized credit checks elevate the risk to medium."
opened new checking saving account first citizen promotion earn bonus meeting certain term met term still received advertised bonus attempt discus representative first citizen secure message website p,retail_banking,medium,Bonus Misrepresentation,financial,medium,"The consumer fulfilled advertised promotion terms but was denied the promised bonus, resulting in quantifiable financial loss; while not involving fraud or systemic harm, the failure to honor a material contractual incentive undermines trust and requires remediation."
victim identity theft send required item month cant imagine cant prove fact victim need provide blood type consumer need type protection right macys account mine charge mine account maintained without,credit_reporting,high,Identity Theft,financial,high,"The consumer reports unauthorized use of their identity to open a fraudulent Macy's account, resulting in charges and damage to their credit profile. This poses high risk because unresolved identity theft can lead to prolonged financial loss, credit denial, and significant time and effort to rectify."
bank america pursued pay father credit card account balance passed away father liable person account never signed contract liable party authorized user help manage finance father passed away bank amer,credit_reporting,low,Credit Reporting Error,reputational,low,"The complaint involves inaccurate credit reporting of a deceased authorized user, which caused reputational harm but no direct financial loss since the consumer ultimately settled and paid the agreed amount; the issue stems from procedural error rather than predatory or illegal conduct."
two vehicle navy federal ex began going divorce directly stated separation vehicle advised several call even sending copy divorce decree could sell vehicle would pay worth advised multiple occasion ev,credit_reporting,medium,Credit Reporting,reputational,medium,"The consumer's credit report may inaccurately reflect delinquency or default due to unresolved loan status after vehicle sale and divorce, harming their creditworthiness. Although no direct financial loss is described, the risk of long-term reputational and credit access harm—compounded by miscommunication and lack of documentation—elevates it to medium risk."
glood fraud ive calldd exevutive office customer service answer,retail_banking,medium,Fraud,financial,medium,"The complaint indicates potential fraud in a retail banking context, which poses a tangible financial risk to the consumer, but lacks details confirming actual monetary loss or systemic failure, placing it at medium severity."
received text alert well fargo checking account balance thought someone stole money called bank told court order account debt collection agency located fl retired sheriff owner information provided sa,retail_banking,medium,Wage Garnishment,financial,medium,"The consumer faces unauthorized garnishment based on a court order tied to old debt, with inconsistencies in identity and jurisdiction raising doubts about legitimacy; while no immediate physical harm or total account loss is indicated, the financial impact is real and urgent legal intervention is needed to prevent irreversible funds seizure."
bbva card online bank locked say sent check tried fraud alert fraud department customer service help didnt want explainlike knew sotuation got upset hung phone cant get fund,retail_banking,medium,Fraud Alert,financial,medium,"The consumer's account was locked due to a fraud alert, preventing access to funds and causing immediate financial disruption; while not involving direct monetary loss or identity theft, the lack of clear communication and resolution from customer service escalates the risk to medium."
received letter penfed credit union stating increasing interest rate loan approximately failure provide title collateral loan penfed refinanced auto loan paid loan called penfed told title would conta,mortgages_and_loans,medium,Title Transfer Failure,financial,medium,"The consumer faces escalating interest charges due to a failed title transfer, risking increased loan costs and potential default, but no immediate foreclosure or account closure has occurred. The prolonged resolution delay—spanning months—and inconsistent communication from PenFed indicate systemic operational gaps that heighten financial risk without yet reaching critical harm."
currently credit freeze account well wife attempted log account four month continually receive error say temporarily unable complete request called used phone service also say unable verify mine wife ,credit_reporting,high,Credit Freeze,financial,high,"The consumer is unable to access or manage their credit freeze due to persistent authentication failures and lack of secure, accessible resolution channels—increasing risk of identity theft and unauthorized credit activity. The inability to lift the freeze impedes financial decision-making and exposes them to potential fraud with no timely recourse."
notified month ago loancare mortgage servicer regarding escrow reimbursement check amount never received back spoken different people loancare regarding issue told new check requested week ago promise,mortgages_and_loans,medium,Escrow Reimbursement,financial,medium,"The consumer has not received an escrow reimbursement check despite repeated follow-ups and assurances from the servicer, creating financial uncertainty and potential cash flow disruption; while not involving immediate severe loss or identity compromise, the persistent failure to resolve a basic servicing obligation over several weeks indicates systemic responsiveness issues."
company worked coached marketed company email salary finance company hard time pandemic sounded great later lost job payment salary finance taken paycheck every week could withdrawn reached company ma,mortgages_and_loans,medium,Loan Servicing Failure,financial,medium,"The consumer suffered repeated unauthorized paycheck deductions and inaccurate credit reporting despite full repayment, causing tangible financial harm and credit damage; however, the issue appears resolvable through dispute and correction, not involving fraud or systemic deception, justifying medium rather than high risk."
ongoing problem continue submit complaint enforced negatively reported credit additional balance info see attachment additionally sent check admission error sent back check letter longer enforceable r,credit_reporting,high,False Credit Reporting,reputational,high,"The complaint alleges persistent false credit reporting, harassment, and potential fraud by a mortgage holder, which can severely damage the consumer's creditworthiness, limit access to credit, and cause long-term reputational and financial harm. The mention of court decisions, CFPB involvement, and requests for fines indicate escalation beyond routine disputes, signaling systemic or retaliatory behavior."
sent dispute company already filed complaint cfpb pertaining matter please look complaint attached proper identifying document exact info credit report refusing investgate time turn cfpb job power mat,credit_reporting,high,Credit Dispute,financial,high,"The consumer reports repeated, documented attempts to dispute inaccurate information on their credit report, but the credit reporting agency refuses to investigate or respond—violating FCRA requirements and risking ongoing financial harm through denied credit, higher interest rates, or employment barriers. The pattern of non-response and disregard for CFPB involvement indicates systemic failure and elevated risk of sustained damage."
received packet paper company dated stated took loan creditor uplift called asked company known uplift stated company give vacation loan never took loan anything school car stated one payment made loa,debt_collection,medium,Fraudulent Debt,financial,medium,"The consumer reports being pursued for a debt they never incurred, which is causing financial harm through credit score damage and potential collection actions; however, there is no indication of immediate wage garnishment, legal judgment, or severe financial distress like bankruptcy, warranting a medium rather than high risk."
discover credit card longtime paid time always never late havent used year lie got notice saying closed called discover said needed reapply make sense wanted use could let know given chance closing ac,credit_card,medium,Account Closure,financial,medium,"The consumer experienced an unexpected, unexplained closure of a long-standing, in-good-standing credit card account, which may negatively impact their credit utilization ratio and credit history length—key factors in credit scoring. Although no immediate monetary loss is reported, the abrupt loss of available credit and potential credit score dip constitutes meaningful financial harm warranting medium risk classification."
fraudly charged checking account without approval relationship barclays money transferred without approval authorization fraudly charge range total amount called several time claim issue operator supe,retail_banking,medium,Unauthorized Transaction,financial,medium,"The consumer reports fraudulent charges and unauthorized money transfers from their checking account, indicating potential account compromise and direct financial loss. Although the bank was contacted multiple times, resolution failed and the supervisor terminated the call, suggesting inadequate escalation and increased risk of prolonged harm or further fraud."
equifax reporting incorrectly day late partial account number please see page attached credit report along copy driver license utility bill identification purpose bureau investigate complaint attached,credit_reporting,low,Credit Dispute,reputational,low,"The complaint involves an isolated instance of allegedly incorrect late reporting on a single account, with no indication of widespread inaccuracies, identity theft, or financial loss. The consumer provides supporting documentation and has already engaged the bureau, suggesting resolution is likely through standard dispute procedures."
hard inquiry report citibank na authorize ive tried everything get customer service phone please help,credit_reporting,low,Hard Inquiry,time-based,low,"The complaint reflects frustration with a hard inquiry and difficulty reaching customer service, but there is no indication of financial loss, identity theft, or systemic reporting error. Time-based inconvenience alone, without evidence of inaccurate reporting or adverse credit impact, constitutes low risk."
approved cash filed judgement amount principal balance cost two garnishment paycheck received applied mortgage loan preapproved amount able start looking home along many step taken able make cash offe,credit_reporting,medium,Judgment Reporting,financial,medium,"The consumer was denied a mortgage due to an inaccurate or unreleased judgment on their credit report, causing financial harm by delaying homeownership and requiring additional verification efforts. Although no direct monetary loss is cited, the impact on credit access and loan approval constitutes material financial risk."
account closed opened collection demandingi pay,debt_collection,high,Account Mismanagement,financial,high,"The complaint indicates a closed account was improperly reopened for collections, creating potential unauthorized debt liability and immediate financial risk to the consumer. This suggests systemic errors in account status verification, increasing likelihood of wrongful collection activity and credit damage."
cease desist dispute chase card service acct ending letter response phone call letter receiving according fair debt collection practice act usc section c ceasing communication must stop communication ,credit_card,high,Cease and Desist Violation,emotional,high,"The consumer explicitly invoked their right under the Fair Debt Collection Practices Act to cease all communication, yet Chase continued contacting them across multiple channels (home, work, cell), causing significant emotional distress and violating federal law. Repeated violations of a formal cease-and-desist request indicate systemic noncompliance and elevate risk of regulatory enforcement and consumer harm."
currently student began school graduated winter declared forbearance loan long possible noted company would attending school yet payment posted account school loan,mortgages_and_loans,medium,Loan Forbearance,financial,medium,"The consumer was placed in forbearance while enrolled in school, yet payments were still posted to their account, potentially causing unnecessary financial strain, late fees, or credit reporting issues. This reflects a failure in loan servicing communication and system alignment, which can erode trust and lead to compounding financial harm if uncorrected."
account usaa closed bad debt company called acct ending trying collect debt wrong according federal law,debt_collection,high,Wrongful Collection,financial,high,"The consumer reports being pursued for a debt on a closed account, potentially violating the Fair Debt Collection Practices Act (FDCPA) by attempting to collect a non-existent or discharged debt. This exposes the consumer to unwarranted financial liability, credit damage, and emotional distress, warranting immediate regulatory attention."
company sent information different state agency without consent knowledge learned employment data report also information sent without consent well also need sent equifax,credit_reporting,low,Unauthorized Disclosure,reputational,low,"The complaint alleges unauthorized sharing of employment data with a state agency and Equifax, but does not indicate financial loss, credit denial, identity theft, or demonstrable reputational damage; the consumer appears aware of the disclosures and is seeking correction rather than reporting harm."
texas equifax credit service dispute inquiry dear equifax credit service letter formal request remove unauthorized inquiry credit report also would like remove fraud alert credit report asap inquiry i,credit_reporting,low,Credit Dispute,time-based,low,"The complaint involves a routine dispute of an unauthorized credit inquiry and request to remove a fraud alert, both of which are standard, reversible actions under the FCRA; no evidence of financial loss, identity theft, or systemic harm is present."
never received copy contract company also reporting inaccurate balance,debt_collection,low,Inaccurate Reporting,financial,low,"The complaint involves an inaccurate balance reported by a debt collector and failure to provide a contract copy, but there is no indication of immediate financial loss, identity theft, or coercive practices. These issues are typically resolvable through standard dispute procedures under the FDCPA."
dear cfpb please find complaint sham conduit concealed owner reinstated different name via fictitious buyer default debt sell investor bet image someone data identity theft submitted application mortg,debt_collection,high,Identity Theft,financial,high,"The complaint alleges unauthorized use of the consumer's identity to originate a mortgage and sell debt, indicating potential financial loss, credit damage, and exposure to fraudulent liability. Such identity theft in debt collection contexts often leads to persistent credit reporting errors, unwarranted collection actions, and significant difficulty in remediation."
may concern writing dispute fraudulent charge account amount victim identity theft make authorize charge requesting charge removed finance charge related fraudulent amount credited well receive accura,credit_reporting,high,Identity Theft,financial,high,"The complaint describes unauthorized charges stemming from identity theft, with the consumer invoking the Fair Credit Billing Act and FCRA to demand correction—indicating potential ongoing financial liability, credit damage, and systemic failure to investigate or resolve fraud claims promptly."
american honda finance reported late pandemic worked hard keep payment deferment requested goodwill late update never late honda ignored feel receive goodwill update would like late fee deleted cant a,credit_reporting,medium,Credit Reporting,financial,medium,"The consumer faces financial harm due to an unjustified late fee and inaccurate credit reporting during a pandemic-related deferment, which could damage their credit score and increase borrowing costs; however, the account remains current and no severe consequences like collections or default have occurred yet."
credit report account belong idea account ended credit report victim idendetity theft fair becuase didnt authorize account inquiry,credit_reporting,low,Identity Theft,reputational,low,"The complaint indicates unauthorized account activity and a disputed inquiry on the credit report, but there's no mention of financial loss, denial of credit, or significant emotional distress; the issue appears limited to inaccurate reporting without evidence of broader harm."
trying buy food pet supply mattress online nothing working week order several order online declined saying need register card currently activated order new card thinking old card problem order new one,credit_card,medium,Card Activation,financial,medium,"The consumer is unable to complete essential purchases due to repeated card activation and verification failures, causing financial disruption and potential late fees or missed needs; while not involving fraud or identity theft, the persistent system error impedes basic financial functionality and requires significant effort to resolve."
past week charged dollar overdraft fee mainly transaction smaller dollar communicated td bank reduced work hour due unauthorized payment withdrawn account led balance unexpectedly low,retail_banking,medium,Overdraft Fees,financial,medium,"The consumer incurred repeated overdraft fees due to an unauthorized transaction and reduced income, causing unexpected financial strain; while not catastrophic, the cumulative fees and lack of timely notification or mitigation options represent significant but recoverable harm."
company taken longer resolve respond dispute credit report causing look responsible debt past statute limitation report fixing credit month company come put information report open account false state,credit_reporting,medium,Credit Dispute,financial,medium,"The consumer suffered financial harm due to credit denial for a vehicle purchase caused by erroneous, time-barred information remaining on their credit report; while not involving immediate monetary loss or identity theft, the prolonged failure to resolve the dispute under FCRA timelines impaired credit access and damaged reputation, warranting medium risk."
validation letter delivered certified mail kingston data credit day dont receive anything validate debt want cease collection activity dont want contact company anymore dont want reporting invalidated,debt_collection,low,Debt Validation,time-based,low,"The consumer is exercising their statutory right to request debt validation and cease communication, which is a routine procedural step in debt collection; no evidence of financial loss, emotional distress, or reputational damage is indicated."
purchased new vehicle traded old car owned payment due exact date payoff balance supposedly entered system sent payment statement via email say payment received previously entered issue everything tak,credit_reporting,medium,Credit Reporting,reputational,medium,"The consumer's credit report was inaccurately marked as late despite timely payment under pandemic-related accommodations, causing reputational harm through potential credit score damage. While no direct financial loss is stated, the error could affect future lending terms and reflects a systemic reporting failure that undermines trust in credit accuracy."
opened account u bank promotion signed online banking mobile banking service set direct deposit totaling within day would receive deposit account social security called set direct deposit informed dir,retail_banking,medium,Promotion Failure,financial,medium,"The consumer incurred overdraft fees due to the bank's failure to honor a time-sensitive promotional promise tied to direct deposit setup, causing quantifiable financial loss and repeated follow-up effort. While not involving identity theft or systemic fraud, the breach of a clear promotional obligation during a vulnerable period (pandemic-related delays) elevates the impact beyond minor inconvenience."
writing delete following information file item need deleted listed report victim identity theft make charge ask item deleted correct credit report reported theft identity federal trade commission also,credit_reporting,high,Identity Theft,financial,high,"The consumer is a verified victim of identity theft, with an FTC affidavit submitted, and the fraudulent item is actively impeding major life milestones—including home and auto financing—and affecting their child's well-being. Failure to promptly delete the item violates FCRA requirements and exacerbates financial harm."
keep getting fraudalent transaction account try dispute transaction getting put hold hour call drop start whole process really spent yesterday never talked anyone phone help dispute,credit_card,medium,Fraudulent Transactions,financial,medium,"The consumer is experiencing repeated fraudulent transactions on their credit card and faces significant barriers in disputing them—including dropped calls, repeated process restarts, and extended holds—leading to potential financial loss and delayed resolution. While no explicit evidence of irreversible harm (e.g., permanent credit damage or large unauthorized charges) is stated, the systemic failure in dispute handling elevates risk to medium."
mobile bank account bank called current got hacked contact added got tax return went check sent random person four separate payment payment guy named life new york reported company investigating wante,retail_banking,medium,Account Takeover,financial,medium,"The consumer suffered unauthorized transfers totaling multiple payments, including a tax refund diversion, resulting in direct financial loss and account lockdown; while funds may be recoverable, the delay and investigative uncertainty create material financial risk and operational disruption."
company charging interest unpaid medical bill decreasing credit score every month sent bill found looked credit score called representative informed interest account never contract regarding interest ,debt_collection,medium,Unauthorized Interest Charges,financial,medium,"The consumer alleges the debt collector is charging interest on a medical bill without a contractual basis, which may violate the Fair Debt Collection Practices Act and negatively impacts their credit score monthly. While not involving immediate financial loss like wage garnishment, the ongoing credit damage and lack of transparency constitute meaningful, escalating financial harm."
called creditor transunion get incorrect hard inquiry removed credit report first creditor told could help nothing inaccurate inquiry called back second time bounced around time eventually hung second,credit_reporting,low,Credit Dispute,time-based,low,"The complaint describes difficulty resolving an inaccurate hard inquiry through TransUnion, involving repeated calls and confusion, but no evidence of financial loss, identity theft, or adverse credit decisions; the issue is procedural and resolvable via standard dispute channels."
car loan bbva compass auto payment last month called today see obtain title since car finally paid last month tell auto pay bill first time month last payment paid phone never notified thing payment w,mortgages_and_loans,medium,Payment Processing,financial,medium,"The consumer fully paid off their auto loan but was incorrectly sent to collections due to a failure in stopping auto-pay as requested, risking credit damage and causing financial stress. Although no actual credit reporting is confirmed, the imminent threat to credit standing and potential fees justify medium risk."
noticed credit report reflecting late payment account account paid time month balance owed incorrect see enclosed documentation accordance federal fair credit reporting act fcra respectfully request i,credit_reporting,high,Credit Dispute,financial,high,"The consumer alleges an inaccurate late payment is harming their credit score, which can lead to denied credit, higher interest rates, and long-term financial damage; FCRA violations involving persistent inaccuracies pose significant regulatory and reputational risk to the credit bureau."
received letter demanding settlement attempted shake debt discharged chapter bankruptcy attempted contact entity validate matter unwillingly invalid due discharge afforded company trying perpetrate fr,debt_collection,high,Discharged Debt,financial,high,"The consumer states the debt was discharged in Chapter 7 bankruptcy, yet a collection agency is attempting to collect and misrepresenting its validity—constituting potential FDCPA violations and exposing the consumer to unwarranted financial pressure, credit damage, and tax-related risks during filing season."
believe american express may practicing predatory lending practice era covid canceling cc dont need day folk need fico promotional apr keep customer holy cow someone great fico never late payment peop,credit_card,medium,Predatory Lending,financial,medium,"The complaint alleges American Express engaged in predatory lending by canceling credit cards and withdrawing promotional APR offers during the COVID-19 pandemic, harming financially vulnerable consumers who relied on those lines of credit to supplement lost income. While no explicit fraud or illegal activity is confirmed, the timing and impact on credit-dependent individuals during an economic crisis elevate risk to medium."
wisconsin eppicard child support card closed without prior warning since since could use child support card keep calling calling eppicard customer service wisconsin child support local county child su,credit_card,medium,Account Closure,financial,medium,"The consumer lost access to child support funds without warning, creating immediate financial hardship; while not involving fraud or identity theft, the lack of notice and poor customer service impede timely resolution and essential income access."
submitted dispute credit bureau account name account number account closed account bureau also reporting twice report stating charged balance account mine disputed nothing decreased balance closed acc,credit_reporting,low,Credit Dispute,financial,low,"The complaint reflects a standard dispute over inaccurate reporting of a closed account, with no indication of fraud, identity theft, or ongoing financial loss; resolution typically involves verification and correction by the bureau without urgent harm."
first contacted ask one credit card base credit instructed go line fill application also told would attempt make inquiry three credit bureau credit worthiness intel sure card got alert experian indica,credit_reporting,medium,Unauthorized Credit Inquiry,reputational,medium,"The consumer alleges unauthorized hard inquiries were made without consent, resulting in a measurable drop in their credit score and potential reputational harm to their creditworthiness. While not involving direct financial loss or identity theft, the impact on credit standing and lack of responsive remediation from Experian elevate it to medium risk."
account placed collection agency offered pay old debt full removal credit report negative trade line preventing obtaining new apartment,debt_collection,low,Debt Collection,financial,low,"The complaint involves a standard debt collection practice—reporting an old debt—and the consumer's ability to negotiate pay-for-delete, which is not prohibited and carries no immediate financial loss or legal harm. The impact on apartment rental is situational and potentially remediable through credit education or dispute."
received bank statement boa account never opened contacted boa issue told account closed subject identify theft check credit report found boa account credit reporting agency boa also sent statement an,credit_reporting,high,Identity Theft,financial,high,"The consumer reports unauthorized bank accounts opened in both their own and their spouse's name, with soft inquiries from Bank of America appearing on credit reports—indicating potential fraudulent account openings. This poses immediate financial risk, including liability for unauthorized transactions and long-term credit damage."
subject violation truth lending act tila ref fcra fcba infringement chase pursuant subject reference cardmember service chase bank credit reporting company advised charge shown due credit history repo,credit_reporting,high,Credit Reporting,financial,high,"The consumer was charged for a petroleum product that was never delivered, yet the charge remains on their credit report despite multiple disputes and merchant confirmation of non-delivery; this risks ongoing financial harm through inaccurate credit scoring and potential denial of credit."
many issue regard identity stolen spoke equifax sent document required yet hear anything back nothing removed fixed personal life credit score hit extremely hard,credit_reporting,low,Identity Theft,financial,low,"The complaint describes identity theft impacting credit, but lacks evidence of ongoing fraud, unauthorized accounts, or immediate financial loss; the consumer reports Equifax received documentation and implies resolution is pending, suggesting procedural delay rather than systemic failure or acute harm."
authorize inquiry,credit_reporting,low,Unauthorized Inquiry,reputational,low,"The complaint involves a single unauthorized credit inquiry, which typically has minimal impact on credit scores and does not indicate identity theft or financial loss. Reputational harm is limited and easily remedied by disputing the inquiry with the credit bureau."
successfully discharged chapter bankruptcy back know credit terrible right bankruptcy credit report quite time auto loan soft inquiry approval clearly stated went banked year impression also soft inqu,credit_reporting,high,Credit Reporting Error,financial,high,"The consumer, recently discharged from Chapter 7 bankruptcy, suffered an immediate loan denial due to a misreported hard inquiry as a soft inquiry—damaging their already fragile credit profile and undermining post-bankruptcy financial recovery. The credit bureau refused to substantiate or correct the error despite clear evidence, exacerbating financial harm during a highly vulnerable period."
transunion credit reporting agency outdated information additional inquiry disputed complaint also want know supplied credit report business without consent even requested credit freeze,credit_reporting,low,Credit Report Error,reputational,low,"The complaint involves outdated information and an unauthorized inquiry, which are correctable inaccuracies under FCRA; no evidence of financial loss, identity theft, or systemic harm is present."
submitted request via email dovenmuehle forbearance accurately reported mortgage loan credit report followed dovenmuehle phone call told issue would resolved within business day one call day requested,mortgages_and_loans,medium,Forbearance Mismanagement,financial,medium,"The consumer was placed into forbearance without their knowledge or consent, potentially impacting their credit standing and financial obligations, and repeated follow-ups failed to resolve the issue or yield promised supervisor contact, indicating systemic communication and accountability failures."
sent separate letter asking company stop contacting purpose validating debt despite legal request company repeatedly contacted attempt collect debt via phone email call multiple time despite asking ph,debt_collection,high,Harassment,emotional,high,"The consumer explicitly requested debt validation and cessation of contact multiple times in writing, yet the collector persisted with repeated calls—including on different numbers—creating emotional distress and undermining legal protections under the FDCPA. This pattern indicates willful noncompliance and escalates risk of severe psychological harm."
duplicate previous complaint write letter complaint regarding concern issue home mortgage carrier well fargo home mortgage wf corresponded wf many time past month year issue still resolved attaching d,mortgages_and_loans,medium,Billing Error,financial,medium,"The complaint describes a persistent, unresolved discrepancy in the reported unpaid principal balance on a mortgage statement, which could lead to incorrect payments, potential late fees, or credit reporting errors; although no immediate financial loss is confirmed, the prolonged failure to correct a material billing error after repeated contact elevates risk to medium."
victim possibly even fraudulent misinformation within transunion report denouncing affidavit assert command regulated produce physically counter fer federal law dispute accept facilitate request eithe,credit_reporting,high,Credit Dispute,reputational,high,"The complaint alleges unconfirmed fraudulent information in a TransUnion credit report, which poses high risk because inaccurate credit data can severely damage the consumer's creditworthiness, leading to loan denials, higher interest rates, and long-term reputational harm. The language suggests systemic failure in dispute resolution and potential FCRA violations, amplifying regulatory and financial exposure."
received telephone call company claiming collecting debt owed behalf told caller believed information incorrect would contact caller tried stop stating would work etc basically cut said contact hung c,debt_collection,medium,False Debt Collection,emotional,medium,"The consumer experienced emotional distress from being pursued for a debt they believe is false, including unsolicited calls and pressure to settle, despite confirming with the company that no active account or collection attempt existed. While no immediate financial loss is reported, the harassment and confusion create significant psychological burden and risk of reputational or credit harm if unresolved."
fifth third bank procedure close account unreasonably difficult deceptive consumer made personal visit branch close checking saving account back though checking account closed logged couple week later,retail_banking,medium,Account Closure,time-based,medium,"The consumer experienced significant delays and procedural obstacles in closing a dormant savings account, requiring multiple calls, in-person visits, and weeks of waiting for forms—indicating poor operational transparency and customer service. While no direct financial loss occurred beyond a nominal cent balance, the prolonged effort and lack of clear resolution constitute meaningful time-based harm and erosion of trust."
transunion fraudulent account dept fraudulent credit account fraudulent acct fraudulent acct fraudulent acct,credit_reporting,low,Fraudulent Account,reputational,low,"The complaint appears to be a repetitive, non-specific report of a fraudulent account with no details about actual financial loss, identity theft evidence, or adverse action taken against the consumer; it lacks indicators of immediate harm or systemic failure."
attentively review formal writ composed declaration proven complaint misinformation part deficient adequate current status fullness truth accuracy completeness timeliness documented ownership certifia,debt_collection,high,Identity Theft,financial,high,"The complaint alleges identity theft in the context of debt collection, indicating a third party may have fraudulently incurred debt in the consumer's name—posing severe financial risk, potential credit damage, and legal liability. Such claims require urgent regulatory intervention to prevent further harm and ensure proper validation and cessation of collection activity."
well fargo nothing lying got proof insurance want mediation ai asked month iwant,mortgages_and_loans,medium,Insurance Dispute,financial,medium,"The consumer alleges Wells Fargo is misrepresenting insurance terms and refusing mediation despite having proof, indicating potential financial loss from improper charges or denied coverage; the lack of resolution after a month suggests systemic delay but no immediate severe harm like foreclosure or account closure."
read credit bureau report entry collection agency amount important note never received service company last two year also never received bill tried vain communicate afraid personal information comprom,debt_collection,medium,Debt Collection,emotional,medium,"The consumer reports confusion, helplessness, and fear of compromised personal information due to an unrecognized collection entry and lack of prior notification or billing—indicating potential procedural violations in debt validation and communication, but no confirmed financial loss or identity theft yet."
second formal complaint well fargo mortgage well fargo mortgage mortgage payment misappropriation scheduling fl account cell well fargo withdrawing auto payment average day late well fargo willfully d,mortgages_and_loans,medium,Payment Misappropriation,financial,medium,"The complaint alleges systematic late withdrawal of auto payments resulting in unauthorized interest charges, causing quantifiable financial harm but without evidence of identity theft, foreclosure, or severe credit damage. While serious, the issue appears repeatable and correctable through account adjustment rather than indicating imminent severe loss."
submitted complaint numerous bill collector call mortgage pay mortgage every month via bill pay payment cashed applied suspense account unspecified account payment applied escrow mortgage appears mort,mortgages_and_loans,medium,Payment Processing Error,financial,medium,"The consumer reports consistent on-time mortgage payments being misapplied to a suspense or unspecified account, leading to false delinquency, default interest charges, and escrow discrepancies—posing tangible financial risk and potential foreclosure threat, but without evidence of immediate loss of home or identity compromise."
opened citi priority checking saving account soon within day transferred amount account new citi account term indicated receive bonus maintained balance day continue maintain balance receiving bonus p,retail_banking,medium,Bonus Misrepresentation,financial,medium,"The consumer was promised a bonus for opening and maintaining a balance in a new account, but Citibank failed to deliver it despite confirming eligibility and committing to a timeline—causing financial loss and eroding trust. While not involving fraud or identity theft, the broken promise and delayed resolution constitute a material breach of contractual expectation, warranting medium risk."
express recovery reporting erroneous collection credit file checking credit noticed express recovery reporting paid collection first settled collection assured account would removed however month stil,credit_reporting,low,Credit Dispute,reputational,low,"The complaint centers on an inaccurate credit reporting of a settled medical collection, which may affect the consumer's credit score but does not involve immediate financial loss, identity theft, or active fraud. The issue is remediable through standard credit bureau dispute procedures and lacks evidence of systemic harm or ongoing adverse action."
good day reading upon law governed finance debt collection practice start asking question via certified mail affidavit return receipt credit alledge creditor etc portfolio recovery associate sent noti,debt_collection,high,Credit Reporting,reputational,high,"The consumer alleges that the debt collector is reporting false and misleading information to all three major credit bureaus without providing any evidentiary support for the debt, which can severely damage the consumer's creditworthiness and financial opportunities. The failure to respond to certified affidavits and cease-and-desist notices indicates willful noncompliance with FCRA and FDCPA, escalating regulatory and reputational risk."
event happened approximately time make principal payment charge interest escrow call back someone fix sometimes take several call loan year,mortgages_and_loans,medium,Loan Servicing Error,financial,medium,"The complaint indicates repeated servicing errors—including incorrect interest charges, escrow mismanagement, and delayed resolution despite multiple calls—causing potential financial loss and ongoing uncertainty, but no evidence of immediate severe harm like foreclosure or identity theft."
approved loan forbearance huntington bank three month started making payment although received confirmation mortgage department end would receive packet mail sign authorizing extension loan duration y,mortgages_and_loans,medium,Loan Forbearance Miscommunication,financial,medium,"The consumer was approved for forbearance but did not receive required documentation or clear communication about next steps, leading to confusion, repeated unsolicited collection attempts, and risk of unintended late payments or credit reporting. While no confirmed financial loss is stated, the lack of transparency and inconsistent servicing creates tangible financial risk and erodes trust."
incident occurred another individual required car repair vehicle damage result individual represented parking illegally obstructing driveway person involved damage vehicle repaired prior relaying dama,debt_collection,high,False Debt Claim,financial,high,"The consumer is being pursued for a debt they did not incur, with false reporting of responsibility for vehicle damage, and the collector ignored written dispute attempts and ceased communication—indicating potential Fair Debt Collection Practices Act violations and risk of unjust financial loss or credit damage."
struggled pandemic however still made attempt make monthly payment even paid account pandemic time lowes found way attempt bring credit score decreasing credit even stated owed money account actually ,credit_card,medium,Credit Reporting Error,reputational,medium,"The consumer reports having fully paid their balance, yet Lowe's incorrectly reported the account as delinquent and reduced their credit limit, damaging their credit reputation without notification or opportunity to correct the error. While no direct financial loss or legal action is indicated, the reputational harm to credit standing poses meaningful medium-term consequences for future borrowing."
reaching several account thing credit mine still able anything account since didnt get much help company went spoke brother attorney relationship company advised contact ftc please remove fraud accoun,credit_reporting,high,Fraudulent Account,reputational,high,"The consumer reports a fraudulent account appearing on their credit report alongside false bankruptcy records, which severely damages creditworthiness and financial reputation; repeated failed attempts to resolve the issue with the company and court indicate systemic failure in dispute resolution and identity verification."
im member problem previous preaching happened three im one collection agency name diversified adjustment appeared negative item credit file without notified give right dispute latter three credit bure,debt_collection,high,Dispute Rights Violation,financial,high,"The consumer alleges the debt collector reported a negative item without providing required notice of the right to dispute, violating FCRA and FDCPA. This led to unauthorized credit damage and inability to timely correct inaccuracies, posing significant financial risk through lower credit scores and potential denial of credit."
given wrong amount pay mortgage payment already confirmed penny mac audacity charge late fee want money back loan number,mortgages_and_loans,medium,Billing Error,financial,medium,"The consumer was charged an incorrect late fee due to a confirmed mortgage payment, resulting in unwarranted financial loss and potential credit reporting impact. While not life-threatening or catastrophic, it requires dispute resolution and may erode trust in the servicer."
lot fraudulent inquiry please remove fraudulent inquiry trying build credit buy house struggling living situation need buy house thes inquiry causing emotional distress family please remove credit rep,credit_reporting,low,Fraudulent Inquiry,emotional,low,"The complaint involves unauthorized credit inquiries, which are correctable through standard dispute processes and do not indicate identity theft or financial loss. While the consumer reports emotional distress, there is no evidence of ongoing fraud, account takeover, or material financial harm."
late received mail pin disclosure letter tx seeing immediately nervous know open account citibank requested account opened next day received debt card mail clearly citibank activate card immediately c,retail_banking,medium,Deceptive Advertising,emotional,medium,"The consumer experienced significant anxiety and confusion due to misleading mail implying an account was opened without their consent, prompting urgent calls and credit report checks; while no direct financial loss is reported, the emotional distress and time spent resolving the uncertainty justify a medium risk classification."
bluebird american express return hotel holding good reason happened want money back,credit_card,low,Refund Delay,time-based,low,"The complaint appears to involve a routine refund request related to a hotel transaction on a Bluebird American Express card, with no indication of financial loss, identity compromise, or systemic failure. The vague language and lack of details about harm or escalation suggest minimal consumer impact."
opened secured credit card account well fargo card service account closed paid full made payment time received refund secured deposit account showing paid full charge sent collection account never cha,credit_reporting,medium,Credit Reporting,reputational,medium,"The consumer's credit report inaccurately reflects a collection account despite full payment and refund of the secured deposit, which can damage their credit score and reputation with lenders. Although the issue was eventually corrected after multiple disputes, the prolonged inaccuracy and need for repeated intervention indicate moderate reputational harm and systemic reporting flaws."
attempting enroll covid program payment assistance since note end first call inquire program found website offering covid payment assistance emailed insurance declaration spoke rep specific program te,credit_reporting,medium,Credit Reporting,reputational,medium,"The consumer is being inaccurately reported as delinquent despite seeking COVID-related payment assistance, which risks damaging their credit score and future borrowing capacity; while no immediate financial loss is evident, the reputational harm from erroneous late reporting during a documented crisis constitutes medium risk."
refi mortgage cash pay loan assessed county tax reduced county property tax bill money source would adjust escrow since could verify information fact fast forward tm pay tax bill first available claim,mortgages_and_loans,medium,Escrow Mismanagement,financial,medium,"The consumer suffered a financial loss due to duplicate tax payments and an unjustified escrow shortage claim, resulting in unnecessary penalties and difficulty recovering overpaid funds; while the harm is quantifiable and reversible, it did not involve fraud or systemic account takeover, warranting medium risk."
firstly law firm send threatening letter telling pay debt file lawsuit include information debt collector attachment ignore received letter filed lawsuit filing answer found another stipulation saying,debt_collection,high,Court Fraud,financial,high,"The consumer alleges the law firm filed a lawsuit based on a fabricated stipulation and failed to validate the debt despite a formal request, constituting potential court fraud and FDCPA violations that could lead to unjust financial liability and adverse legal judgments."
took loan back used vehicle collateral loan taken loan company usually make payment paying loan full year different took loan first payment due went pay loan surprise payoff first payment even due tal,mortgages_and_loans,medium,Predatory Lending,financial,medium,"The consumer was unaware of an upfront interest charge and prepayment penalty, leading to unexpected financial burden and frustration when attempting early payoff; while not resulting in immediate default or severe credit damage, the lack of transparency and coercive loan structure poses meaningful financial harm and erodes trust."
trying get free transunion credit report due deceptive nature transunion website ended subscribing monthly credit reporting service list thing make especially deceptive text mention subscription price,credit_reporting,high,Deceptive Marketing,financial,high,"The complaint describes intentional obfuscation of subscription terms during what the consumer believed was a free credit report request, resulting in unauthorized recurring charges. This pattern poses high financial risk due to its scalability, likelihood of affecting many consumers, and difficulty in obtaining refunds or canceling without significant effort."
two separate occasion attempted give one time courtesy reversal late mortgage payment extenuating circumstance title company purchase new home used work worked mortgage account recieved negative credi,credit_reporting,medium,Credit Reporting,reputational,medium,"The consumer experienced inaccurate negative credit reporting due to a denied courtesy reversal for late mortgage payments under extenuating circumstances, harming their credit reputation; while not involving immediate financial loss or identity theft, the error persists and may impair future credit access, warranting medium risk."
may concern letter formal complaint reporting inaccurate incomplete credit information credit report collection creditor,credit_reporting,low,Credit Dispute,financial,low,"The complaint appears to involve a routine dispute over inaccurate or incomplete credit reporting, which is common and typically resolvable through standard credit bureau procedures without evidence of significant financial loss, identity theft, or systemic harm."
home seized set sheriff sale time purchased title transferred month prior time begun communication loan servicer deed lieu make whole process easier less costly period moved home still access moved le,mortgages_and_loans,high,Foreclosure Process,financial,high,"The consumer lost their home to sheriff sale despite having recently purchased the title and attempted a deed-in-lieu arrangement, indicating potential procedural failures or miscommunication by the servicer that led to irreversible financial loss and displacement. The abandonment of personal property and inability to recover or donate belongings compounds the financial and emotional toll."
lexis nexis consumer center reporting accident fault ran red light driver right way intersection received citation suspect driver ran red light insurer paid accident reimbursed deductible corroborate ,credit_reporting,medium,Credit Reporting Error,financial,medium,"The consumer is paying a higher insurance premium due to an erroneous credit report from LexisNexis, which incorrectly influenced an adverse underwriting decision. Although the accident fault was properly assigned and the insurer reimbursed the deductible, the persistent reporting error caused ongoing financial harm and frustration, warranting medium risk due to sustained impact but no evidence of irreversible damage or identity compromise."
republic finance reporting debt credit file owe recently checked credit noticed debt credit file called immediately paid debt never received phone call collection letter notice debt pretty sure violat,credit_reporting,low,Credit Dispute,time-based,low,"The consumer identified and resolved the disputed debt promptly upon discovery, with no indication of financial loss, emotional distress, or lasting reputational or operational harm; the issue appears to be a procedural oversight in notification rather than systemic or malicious reporting."
filed repayment plan stated needed tax return complete application income verification prior year tax return option filling application provided option certified statement employer proof required form,credit_reporting,low,Income Verification,time-based,low,"The complaint describes a procedural delay in processing a repayment plan due to incomplete income documentation, with no indication of financial loss, credit damage, or emotional distress. The issue was resolved after submission of the tax return and resulted in retroactive acceptance of the plan."
sent letter bureau received notification investigation started feel like taken advantage according fcra inaccurate unverifiable item must deleted immediately day,credit_reporting,low,Credit Dispute,emotional,low,"The complaint reflects frustration with a credit reporting process but lacks evidence of financial loss, identity theft, or systemic harm; the issue appears to be a standard FCRA-mandated dispute over an unverifiable item, which is routine and resolvable through existing regulatory channels."
used auto loan capital one finance given never late loan delinquent vehicle totaled drunk driver overnight deemed total loss insurance expedited payment lender along left fund extended warranty plan l,mortgages_and_loans,medium,Loan Misapplication,financial,medium,"The lender misapplied the insurance payout by prioritizing interest over principal, leaving an unexpected balance due and impairing the consumer's ability to secure future financing—causing tangible financial harm without outright default or fraud, but undermining trust and financial planning."
walmart credit card set automatic payment never missed working couple year card sold took auto payment called repeatedly try arrange auto pay kept telling call back kept telling check mail working roa,credit_card,medium,Payment Processing Failure,financial,medium,"The consumer experienced repeated failures to reinstate automatic payments despite proactive efforts, leading to missed payments, excessive billing, and credit damage—harm is significant but not catastrophic, as the account remained active and no fraud or identity theft occurred."
paid collection company account sold called inform paid debt informed could call contact paid full advised something could send letter saying paid received letter called advised nothing could contact ,credit_reporting,medium,Credit Reporting,reputational,medium,"The consumer fully paid a debt, yet the collection account remains inaccurately reported on their credit file, harming their creditworthiness and potentially affecting loan approvals or interest rates. Despite repeated attempts to resolve the issue—including contacting the collector and requesting written confirmation—the credit bureau and collector failed to update the information, indicating systemic reporting failures and prolonged reputational harm."
purchased new boat payment financing month tx accepted financing interest said luxury purchase even bank would high later found true credit union primary issue received statement dated yamaha financia,mortgages_and_loans,medium,Billing Error,financial,medium,"The consumer experienced inconsistent and conflicting billing statements from Yamaha Financial, leading to confusion about principal and interest allocations and potential risk of overpayment or late fees. While no explicit financial loss is confirmed, the lack of transparency and repeated discrepancies in loan servicing creates material financial uncertainty and undermines trust in repayment tracking."
rented paid monthly quarterly payment sufficient timely manner auto pay auto pay online banking reason hickup colllecting missed month two caught around payment hit late fee questioned resolved shortl,debt_collection,medium,Contract Termination,financial,medium,"The consumer suffered unexpected financial harm when a lease was allegedly terminated without clear notice, leading to collection activity for disputed amounts despite a history of timely payments. While the issue was eventually resolved, the lack of transparency and sudden escalation to collections creates medium risk due to potential credit damage and consumer distress."
submitted experian deceased incorrect social security notified still corrected information experian credit score went experian ca get credit ca refi ca get loan interfere getting job ruining life even,credit_reporting,high,Credit Reporting Error,financial,high,"The consumer is falsely reported as deceased with an incorrect Social Security number, causing severe financial harm including inability to obtain credit, loans, or employment—impacting livelihood and well-being. Despite verification with the Social Security Administration, Experian has failed to correct the error, indicating systemic failure in data accuracy and dispute resolution."
complaint state encouragement federal state authoritites applied mortgage forebearance associated accomodations period three month due financial hardship response agreed make accomodation forbear coll,credit_reporting,high,Credit Reporting,reputational,high,"The consumer's credit report was inaccurately reported as delinquent despite timely payments made per a formal forbearance agreement, directly damaging their creditworthiness and potentially affecting loan eligibility, interest rates, and housing opportunities. This constitutes a systemic failure in credit reporting compliance with FCRA obligations, exposing the consumer to long-term financial and reputational harm."
purchased added gap insurance policy month financing td bank tried get refund policy told sent check refund contacted several time refund given answer today talked said think sent check mail let check,mortgages_and_loans,medium,Refund Failure,financial,medium,"The consumer paid for a GAP insurance policy they no longer want and has repeatedly attempted to obtain a refund, but TD Bank and TD Auto Finance have failed to process or confirm the refund despite acknowledging responsibility. This represents a material financial loss and erosion of trust, but lacks evidence of severe consequences like account closure, credit damage, or legal action."
check credit report notice thing belong account stopping getting credit card approval account listed mine sent multiple letter received feedback complaint understand really happening please help u dep,credit_reporting,low,Credit Dispute,time-based,low,"The complaint reflects confusion and frustration with credit reporting processes but lacks evidence of financial loss, identity theft, or adverse action like denied credit or wage garnishment; the consumer appears to be seeking clarification rather than reporting concrete harm."
balance owed kind account actually noted charged account need let know actual reason balance showing record charge balance owed many time delayed reported credit report appears inaccurate misleading p,credit_reporting,high,Credit Reporting,reputational,high,"The complaint alleges repeated inaccurate and misleading credit reporting of a non-overdue account, which can severely damage the consumer's credit score, hinder access to credit, housing, or employment, and indicates systemic failure in verification and correction processes."
recently customer chime website online financial institution offer checking saving account deposit routed routing number routing number monday received email bank asking employer source income later a,retail_banking,medium,Account Suspension,financial,medium,"The consumer faces potential loss of access to funds and inability to transfer their balance due to threatened account suspension, creating financial uncertainty and disruption; however, no confirmed loss or irreversible harm has occurred yet, and the institution remains responsive to communication."
mortgage transferred shellpoint mortgage servicing since short month headache past year lived house first complaint regarding communication manifest two fold one lack consistent competent representati,mortgages_and_loans,medium,Poor Servicing,emotional,medium,"The complaint describes chronic communication failures, inconsistent service, and insufficient notice of payment changes—causing significant emotional distress and confusion over an extended period. While no direct financial loss or legal harm is alleged, the persistent lack of reliable servicing undermines consumer trust and creates ongoing psychological burden, warranting medium risk classification."
issue transunion credit reporting investigation fixed error report yet believe transunion taking sweet time fix report error im big victim theft issue past fraud account report due incident past burea,credit_reporting,high,Credit Dispute,financial,high,"The consumer reports a persistent fraudulent account on their TransUnion credit report despite prior resolution by another bureau, violating FCRA-mandated investigation timelines; this ongoing inaccuracy is actively blocking employment opportunities and threatening livelihood, indicating severe financial harm and regulatory noncompliance."
remember account asked multiple time send proof ownership complied request yet,debt_collection,low,Verification Delay,time-based,low,"The consumer experienced delays in account verification but complied with requests for proof of ownership; no evidence of financial loss, emotional distress, or reputational damage was indicated."
reached via phone email amerihome mortgage inquire loan payment processing specifically inquiring loan payment applied higher amount interest outlined explanation amount due past month explanation rea,mortgages_and_loans,medium,Payment Processing,financial,medium,"The consumer reports confusion and potential overcharging due to inconsistent or unclear communication about how loan payments were applied, including discrepancies in interest calculations and missing correspondence—posing a risk of financial loss and eroding trust, but without evidence of fraud or irreversible damage."
exercising right fair credit reporting act section request information item credit report home mortgage wish original source information reported including limited original contract signature,credit_reporting,high,Credit Dispute,financial,high,"The consumer is invoking their rights under the Fair Credit Reporting Act to obtain original source documentation for a home mortgage item, suggesting potential inaccuracies or unverifiable reporting that could impair mortgage eligibility or terms. Failure to provide timely, accurate information may result in prolonged credit damage and financial harm."
unauthorized hard inquiry hurting personal credit incorrect unfairly punished inquiry following forever,credit_reporting,low,Unauthorized Inquiry,reputational,low,"Unauthorized hard inquiries typically cause only minor, temporary credit score reductions and can be disputed and removed easily through credit bureaus; they do not involve identity theft, financial loss, or systemic harm."
tenant trouble paying rent loss job paying money order problem today went cash two money order used store purchased cashed first one second one denied gave number call appears denying credit file weir,retail_banking,medium,Money Order Denial,financial,medium,"The consumer was denied cashing a second money order despite having sufficient funds and strong credit, causing immediate financial disruption in paying rent after job loss; the lack of transparency or clear explanation from the institution raises concerns about fair access and operational reliability, though no evidence of fraud or systemic harm is indicated."
last s may concern victim identity theft identity thief used personal information without permission open account thus debt mine enclosed proof identity copy ftc identity theft report accordance fair ,credit_reporting,high,Identity Theft,financial,high,"The consumer is a victim of identity theft where a fraudster opened accounts in their name, resulting in unauthorized debt and potential damage to their credit profile. Despite providing FTC identity theft reports and FCRA-mandated documentation, the consumer alleges continued collection attempts and failure to halt reporting—indicating systemic noncompliance with federal protections, which escalates financial and reputational risk."
hi name two account bb personal checking account joint account wife three week ago tried log mobile banking app wasnt letting log said access blocked called number put attached file lady spoke friday ,retail_banking,medium,Account Access Block,financial,medium,"The consumer is unable to access their joint personal checking account due to an unexplained ACH fraud block, preventing withdrawals and statement access—posing immediate financial disruption. While no confirmed loss is stated, the lack of transparency, unresolved investigation, and inability to manage funds elevate risk beyond low but fall short of high since core banking functions (e.g., branch access) remain theoretically available."
first received text message phone number asking contact convergent outsourcing inc regarding account message also stated n attempt collect debt contacted immediately afterwards told owe money someone ,debt_collection,medium,Debt Collection,emotional,medium,"The consumer experienced confusion and distress due to unsolicited, unverified collection attempts—including texts, calls, and mail—without proper debt validation or identification of the original creditor, raising concerns about legitimacy and potential harassment. While no immediate financial loss is reported, the pattern suggests possible violations of the FDCPA, warranting medium risk due to emotional harm and regulatory exposure."
advised notice sent pursuant fair debt collection practice act usc sec letter sent jefferson capital system response listing credit report listing state opened account balance completely false never o,debt_collection,high,Identity Theft,financial,high,"The consumer alleges they never opened the account or incurred the debt, indicating potential identity theft, and the collector is pursuing collection without valid documentation or verification—exposing the consumer to wrongful credit damage, legal liability, and financial loss."
recent hard inquiry account following credit technology incorporated ca know company approve inquiry complete fraud would like dispute immediately,credit_reporting,low,Fraudulent Inquiry,reputational,low,"The complaint involves a single unauthorized hard inquiry, which may temporarily affect credit score but does not indicate identity theft, financial loss, or systemic account compromise. Disputing the inquiry through standard credit bureau procedures typically resolves it quickly with minimal long-term impact."
fifth third bank engages several practice encourages overdraft situation flagrant policy account overdrawn last day allowed deposit account using online able deposit atm experienced situation last yea,retail_banking,medium,Overdraft Fees,financial,medium,"The consumer incurred an avoidable overdraft fee due to a bank policy that misdirected a deposit to a savings account instead of the intended checking account, despite using approved digital channels. While the fee is recoverable and no long-term credit damage occurred, the incident reflects systemic process flaws that could repeatedly harm consumers relying on mobile banking."
middle purchasing home late payment nelnet keep popping report reached via phone email repeatedly last month received response delinquent student loan back due laid time year period however since succ,credit_reporting,medium,Credit Reporting,reputational,medium,"The consumer's credit report is being inaccurately updated with late payments despite successful loan rehabilitation and transfer of servicing, which harms their creditworthiness and could impede major financial decisions like home purchasing. Although the harm is not immediate financial loss or identity theft, persistent inaccurate reporting undermines trust and requires ongoing dispute efforts, justifying medium risk."
