narrative,product,root_cause,regulatory_violation,consumer_harm,severity,recommended_action,key_phrases,confidence
print iconprint report potentially negative show tooltip button xxxxdispute xxxxdispute xxxxdispute dept dept dept dept xxxxdispute,credit_reporting,Credit Dispute,FCRA,Reputational,low,investigate,"['potentially negative', 'xxxxdispute', 'print report']",medium
wrong inaccurate fraudulent account reporting account,credit_reporting,Identity Theft,FCRA,financial,high,investigate,"['fraudulent account', 'inaccurate reporting', 'wrong account']",high
victim identity theft send required item month cant imagine cant prove fact victim need provide blood type consumer need type protection right macys account mine charge mine account maintained without,credit_reporting,Identity Theft,FCRA,reputational,high,investigate,"['victim identity theft', 'fraudulent account removed', 'maintained without consent']",high
currently credit freeze account well wife attempted log account four month continually receive error say temporarily unable complete request called used phone service also say unable verify mine wife ,credit_reporting,Freeze Management,FCRA,time-based,high,investigate,"['temporarily unable complete request', 'unable verify mine wife dentity', 'get security feeeze removed']",high
ongoing problem continue submit complaint enforced negatively reported credit additional balance info see attachment additionally sent check admission error sent back check letter longer enforceable r,credit_reporting,Inaccurate Reporting,FCRA,Reputational,high,investigate,"['false credit reporting', 'no longer enforceable', 'harassment']",high
sent dispute company already filed complaint cfpb pertaining matter please look complaint attached proper identifying document exact info credit report refusing investgate time turn cfpb job power mat,credit_reporting,Dispute Resolution,FCRA,Reputational,high,investigate,"['refusing investgate', 'erroneously included', 'uncooperative blatantly ignoring']",high
account closed opened collection demandingi pay,debt_collection,API Error,Unknown,Unknown,Unknown,Manual Review,,low
cease desist dispute chase card service acct ending letter response phone call letter receiving according fair debt collection practice act usc section c ceasing communication must stop communication ,credit_card,API Error,Unknown,Unknown,Unknown,Manual Review,,low
account usaa closed bad debt company called acct ending trying collect debt wrong according federal law,debt_collection,API Error,Unknown,Unknown,Unknown,Manual Review,,low
dear cfpb please find complaint sham conduit concealed owner reinstated different name via fictitious buyer default debt sell investor bet image someone data identity theft submitted application mortg,debt_collection,API Error,Unknown,Unknown,Unknown,Manual Review,,low
may concern writing dispute fraudulent charge account amount victim identity theft make authorize charge requesting charge removed finance charge related fraudulent amount credited well receive accura,credit_reporting,API Error,Unknown,Unknown,Unknown,Manual Review,,low
writing delete following information file item need deleted listed report victim identity theft make charge ask item deleted correct credit report reported theft identity federal trade commission also,credit_reporting,API Error,Unknown,Unknown,Unknown,Manual Review,,low
noticed credit report reflecting late payment account account paid time month balance owed incorrect see enclosed documentation accordance federal fair credit reporting act fcra respectfully request i,credit_reporting,API Error,Unknown,Unknown,Unknown,Manual Review,,low
received letter demanding settlement attempted shake debt discharged chapter bankruptcy attempted contact entity validate matter unwillingly invalid due discharge afforded company trying perpetrate fr,debt_collection,API Error,Unknown,Unknown,Unknown,Manual Review,,low
received bank statement boa account never opened contacted boa issue told account closed subject identify theft check credit report found boa account credit reporting agency boa also sent statement an,credit_reporting,API Error,Unknown,Unknown,Unknown,Manual Review,,low
subject violation truth lending act tila ref fcra fcba infringement chase pursuant subject reference cardmember service chase bank credit reporting company advised charge shown due credit history repo,credit_reporting,API Error,Unknown,Unknown,Unknown,Manual Review,,low
successfully discharged chapter bankruptcy back know credit terrible right bankruptcy credit report quite time auto loan soft inquiry approval clearly stated went banked year impression also soft inqu,credit_reporting,API Error,Unknown,Unknown,Unknown,Manual Review,,low
sent separate letter asking company stop contacting purpose validating debt despite legal request company repeatedly contacted attempt collect debt via phone email call multiple time despite asking ph,debt_collection,API Error,Unknown,Unknown,Unknown,Manual Review,,low
victim possibly even fraudulent misinformation within transunion report denouncing affidavit assert command regulated produce physically counter fer federal law dispute accept facilitate request eithe,credit_reporting,API Error,Unknown,Unknown,Unknown,Manual Review,,low
attentively review formal writ composed declaration proven complaint misinformation part deficient adequate current status fullness truth accuracy completeness timeliness documented ownership certifia,debt_collection,API Error,Unknown,Unknown,Unknown,Manual Review,,low
good day reading upon law governed finance debt collection practice start asking question via certified mail affidavit return receipt credit alledge creditor etc portfolio recovery associate sent noti,debt_collection,API Error,Unknown,Unknown,Unknown,Manual Review,,low
incident occurred another individual required car repair vehicle damage result individual represented parking illegally obstructing driveway person involved damage vehicle repaired prior relaying dama,debt_collection,API Error,Unknown,Unknown,Unknown,Manual Review,,low
reaching several account thing credit mine still able anything account since didnt get much help company went spoke brother attorney relationship company advised contact ftc please remove fraud accoun,credit_reporting,API Error,Unknown,Unknown,Unknown,Manual Review,,low
im member problem previous preaching happened three im one collection agency name diversified adjustment appeared negative item credit file without notified give right dispute latter three credit bure,debt_collection,API Error,Unknown,Unknown,Unknown,Manual Review,,low
firstly law firm send threatening letter telling pay debt file lawsuit include information debt collector attachment ignore received letter filed lawsuit filing answer found another stipulation saying,debt_collection,API Error,Unknown,Unknown,Unknown,Manual Review,,low
trying get free transunion credit report due deceptive nature transunion website ended subscribing monthly credit reporting service list thing make especially deceptive text mention subscription price,credit_reporting,API Error,Unknown,Unknown,Unknown,Manual Review,,low
home seized set sheriff sale time purchased title transferred month prior time begun communication loan servicer deed lieu make whole process easier less costly period moved home still access moved le,mortgages_and_loans,API Error,Unknown,Unknown,Unknown,Manual Review,,low
submitted experian deceased incorrect social security notified still corrected information experian credit score went experian ca get credit ca refi ca get loan interfere getting job ruining life even,credit_reporting,API Error,Unknown,Unknown,Unknown,Manual Review,,low
complaint state encouragement federal state authoritites applied mortgage forebearance associated accomodations period three month due financial hardship response agreed make accomodation forbear coll,credit_reporting,API Error,Unknown,Unknown,Unknown,Manual Review,,low
balance owed kind account actually noted charged account need let know actual reason balance showing record charge balance owed many time delayed reported credit report appears inaccurate misleading p,credit_reporting,API Error,Unknown,Unknown,Unknown,Manual Review,,low
issue transunion credit reporting investigation fixed error report yet believe transunion taking sweet time fix report error im big victim theft issue past fraud account report due incident past burea,credit_reporting,API Error,Unknown,Unknown,Unknown,Manual Review,,low
exercising right fair credit reporting act section request information item credit report home mortgage wish original source information reported including limited original contract signature,credit_reporting,API Error,Unknown,Unknown,Unknown,Manual Review,,low
last s may concern victim identity theft identity thief used personal information without permission open account thus debt mine enclosed proof identity copy ftc identity theft report accordance fair ,credit_reporting,API Error,Unknown,Unknown,Unknown,Manual Review,,low
advised notice sent pursuant fair debt collection practice act usc sec letter sent jefferson capital system response listing credit report listing state opened account balance completely false never o,debt_collection,API Error,Unknown,Unknown,Unknown,Manual Review,,low
